fold,test_seasons,accuracy_diff_mean,accuracy_diff_ci_lo,accuracy_diff_ci_hi,accuracy_significant_for_gamepredictor,accuracy_significant_for_baseline,brier_diff_mean,brier_diff_ci_lo,brier_diff_ci_hi,brier_significant_for_gamepredictor,brier_significant_for_baseline
0,2021-2021,0.0258961881589618,0.0044606650446066,0.0462287104622871,True,False,-0.0053441661125614,-0.0084427925727148,-0.0022926102071161,True,False
1,2022-2022,0.015248987854251,-0.0076923076923076,0.0368421052631579,False,False,-0.0028700181911203,-0.0064007307724409,0.0003393484107007,False,False
2,2023-2023,0.0086471064346418,-0.0170072845002023,0.0331849453662484,False,False,-0.0015136758897978,-0.0042989035858793,0.0010908502677634,False,False
3,2024-2024,-0.0080627022653721,-0.0267091423948219,0.0109324433656958,False,False,0.0019946105323301,0.0001232783050421,0.003819105763012,False,True
4,2025-2025,-0.0091534113847396,-0.0343157044812273,0.0145337101332256,False,False,0.0004562065468167,-0.0022951738291059,0.0031953260316964,False,False
5,2026-2026,-0.014171779141104296,-0.03452837423312891,0.009202453987730008,False,False,0.0006262152947633297,-0.0011892715807500739,0.00242817284462978,False,False
